[
  {
    "_id": "68c0c85609920ccc8abc2d9f",
    "workingHours": {
      "weekdays": {
        "open": "08:00",
        "close": "17:00"
      },
      "saturday": {
        "enabled": true,
        "open": "08:00",
        "close": "12:00"
      },
      "sunday": {
        "enabled": false,
        "open": "08:00",
        "close": "12:00"
      }
    },
    "createdAt": "2025-09-10T00:37:42.877Z",
    "updatedAt": "2025-09-10T00:50:14.657Z",
    "companyName": "CH Studio",
    "cnpj": "12123321000112",
    "cep": "58045-040",
    "street": "Avenida Índio Arabutan",
    "number": "212 - Sala 02",
    "neighborhood": "Cabo Branco",
    "city": "João Pessoa",
    "state": "PB",
    "__v": 0
  }
]