[
  {
    "_id": "68be27780f0e6fe92a0d3cd8",
    "dadosEmpresa": {
      "nome": "CH Studio",
      "endereco": "",
      "telefone": "",
      "email": "",
      "cnpj": "",
      "descricao": ""
    },
    "horariosFuncionamento": {
      "segunda": {
        "ativo": true,
        "inicio": "08:00",
        "fim": "18:00"
      },
      "terca": {
        "ativo": true,
        "inicio": "08:00",
        "fim": "18:00"
      },
      "quarta": {
        "ativo": true,
        "inicio": "08:00",
        "fim": "18:00"
      },
      "quinta": {
        "ativo": true,
        "inicio": "08:00",
        "fim": "18:00"
      },
      "sexta": {
        "ativo": true,
        "inicio": "08:00",
        "fim": "18:00"
      },
      "sabado": {
        "ativo": true,
        "inicio": "08:00",
        "fim": "17:00"
      },
      "domingo": {
        "ativo": false,
        "inicio": "08:00",
        "fim": "17:00"
      }
    },
    "mensagensWhatsApp": {
      "confirmacaoAgendamento": "Olá! Seu agendamento foi confirmado para {data} às {hora}. Obrigada!",
      "lembretes": "Lembrete: Você tem um agendamento amanhã às {hora}. Até breve!",
      "cancelamento": "Seu agendamento foi cancelado. Entre em contato para reagendar."
    },
    "logoEmpresa": "",
    "fotoPerfil": "",
    "ativo": true,
    "createdAt": "2025-09-08T00:46:48.428Z",
    "updatedAt": "2025-09-08T00:46:48.428Z",
    "__v": 0
  }
]