[
  {
    "_id": "68be278f0f0e6fe92a0d3d76",
    "acao": "Login Realizado",
    "tipo": "login",
    "detalhes": "Usuário Desenvolvedor fez login no sistema",
    "usuario": {
      "id": "68ba1e6adbe1990787c29ade",
      "nome": "Desenvolvedor",
      "email": "admin@chstudio.com"
    },
    "ip": "::1",
    "userAgent": "Mozilla/5.0 (Windows NT 10.0; Win64; x64) AppleWebKit/537.36 (KHTML, like Gecko) Chrome/136.0.0.0 Safari/537.36",
    "dadosAntes": null,
    "dadosDepois": null,
    "sucesso": true,
    "erro": null,
    "recursoId": null,
    "recursoTipo": null,
    "createdAt": "2025-09-08T00:47:11.879Z",
    "updatedAt": "2025-09-08T00:47:11.879Z",
    "__v": 0
  },
  {
    "_id": "68be2f6c0b62cbd6f2365ad6",
    "acao": "Login Realizado",
    "tipo": "login",
    "detalhes": "Usuário Desenvolvedor fez login no sistema",
    "usuario": {
      "id": "68ba1e6adbe1990787c29ade",
      "nome": "Desenvolvedor",
      "email": "admin@chstudio.com"
    },
    "ip": "::1",
    "userAgent": "Mozilla/5.0 (Windows NT; Windows NT 10.0; pt-BR) WindowsPowerShell/5.1.26100.4768",
    "dadosAntes": null,
    "dadosDepois": null,
    "sucesso": true,
    "erro": null,
    "recursoId": null,
    "recursoTipo": null,
    "createdAt": "2025-09-08T01:20:44.467Z",
    "updatedAt": "2025-09-08T01:20:44.467Z",
    "__v": 0
  },
  {
    "_id": "68be305a477bb2b60b215665",
    "acao": "Login Realizado",
    "tipo": "login",
    "detalhes": "Usuário Desenvolvedor fez login no sistema",
    "usuario": {
      "id": "68ba1e6adbe1990787c29ade",
      "nome": "Desenvolvedor",
      "email": "admin@chstudio.com"
    },
    "ip": "N/A",
    "userAgent": "N/A",
    "dadosAntes": null,
    "dadosDepois": null,
    "sucesso": true,
    "erro": null,
    "recursoId": null,
    "recursoTipo": null,
    "createdAt": "2025-09-08T01:24:42.593Z",
    "updatedAt": "2025-09-08T01:24:42.593Z",
    "__v": 0
  },
  {
    "_id": "68be3377a46a9175ea179b0b",
    "acao": "Login Realizado",
    "tipo": "login",
    "detalhes": "Usuário Desenvolvedor fez login no sistema",
    "usuario": {
      "id": "68ba1e6adbe1990787c29ade",
      "nome": "Desenvolvedor",
      "email": "admin@chstudio.com"
    },
    "ip": "::1",
    "userAgent": "Mozilla/5.0 (Windows NT 10.0; Win64; x64) AppleWebKit/537.36 (KHTML, like Gecko) Chrome/136.0.0.0 Safari/537.36",
    "dadosAntes": null,
    "dadosDepois": null,
    "sucesso": true,
    "erro": null,
    "recursoId": null,
    "recursoTipo": null,
    "createdAt": "2025-09-08T01:37:59.573Z",
    "updatedAt": "2025-09-08T01:37:59.573Z",
    "__v": 0
  }
]